{"cameraMode":{"drawMode":0,"name":"Shaded","section":"Shading Mode"},"sceneLighting":true,"audioPlay":false,"sceneViewState":{"m_AlwaysRefresh":false,"showFog":false,"showSkybox":true,"showFlares":true,"showImageEffects":true,"showParticleSystems":true,"showVisualEffectGraphs":true,"m_FxEnabled":true},"in2DMode":false,"pivot":{"x":42.26573944091797,"y":11.239476203918457,"z":-21.349679946899415},"rotation":{"x":-0.13999629020690919,"y":0.35165131092071535,"z":-0.05317433178424835,"w":-0.9241426587104797},"size":5.327943801879883,"orthographic":false}