{"cameraMode":{"drawMode":0,"name":"Shaded","section":"Shading Mode"},"sceneLighting":true,"audioPlay":false,"sceneViewState":{"m_AlwaysRefresh":false,"showFog":true,"showSkybox":true,"showFlares":true,"showImageEffects":true,"showParticleSystems":true,"showVisualEffectGraphs":true,"m_FxEnabled":true},"in2DMode":false,"pivot":{"x":29.498838424682618,"y":42.77884292602539,"z":82.87943267822266},"rotation":{"x":-0.0012713398318737746,"y":0.9587771892547607,"z":-0.2843480408191681,"w":-0.004016668535768986},"size":5.327943801879883,"orthographic":false}