{"cameraMode":{"drawMode":0,"name":"Shaded","section":"Shading Mode"},"sceneLighting":true,"audioPlay":false,"sceneViewState":{"m_AlwaysRefresh":false,"showFog":true,"showSkybox":true,"showFlares":true,"showImageEffects":true,"showParticleSystems":true,"showVisualEffectGraphs":true,"m_FxEnabled":true},"in2DMode":false,"pivot":{"x":43.42542266845703,"y":3.7640609741210939,"z":25.014774322509767},"rotation":{"x":0.17655396461486817,"y":-0.6516043543815613,"z":0.15963596105575562,"w":0.7203516364097595},"size":12.790742874145508,"orthographic":false}