{"cameraMode":{"drawMode":0,"name":"Shaded","section":"Shading Mode"},"sceneLighting":true,"audioPlay":false,"sceneViewState":{"m_AlwaysRefresh":false,"showFog":true,"showSkybox":true,"showFlares":true,"showImageEffects":true,"showParticleSystems":true,"showVisualEffectGraphs":true,"m_FxEnabled":true},"in2DMode":false,"pivot":{"x":33.54134750366211,"y":-10.38460922241211,"z":167.34085083007813},"rotation":{"x":0.04490213096141815,"y":0.06050470843911171,"z":-0.0027364229317754509,"w":0.9971781969070435},"size":83.9596939086914,"orthographic":false}