{"cameraMode":{"drawMode":0,"name":"Shaded","section":"Shading Mode"},"sceneLighting":true,"audioPlay":false,"sceneViewState":{"m_AlwaysRefresh":false,"showFog":true,"showSkybox":true,"showFlares":true,"showImageEffects":true,"showParticleSystems":true,"showVisualEffectGraphs":true,"m_FxEnabled":true},"in2DMode":false,"pivot":{"x":-45.674983978271487,"y":-10.238422393798829,"z":2.9392080307006838},"rotation":{"x":0.051521021872758868,"y":-0.7479437589645386,"z":0.058457762002944949,"w":0.6591783165931702},"size":45.0184211730957,"orthographic":false}