{"cameraMode":{"drawMode":0,"name":"Shaded","section":"Shading Mode"},"sceneLighting":true,"audioPlay":false,"sceneViewState":{"m_AlwaysRefresh":false,"showFog":true,"showSkybox":true,"showFlares":true,"showImageEffects":true,"showParticleSystems":true,"showVisualEffectGraphs":true,"m_FxEnabled":true},"in2DMode":false,"pivot":{"x":101.09454345703125,"y":20.379871368408204,"z":54.7989501953125},"rotation":{"x":-0.005014064256101847,"y":0.5489485859870911,"z":0.0032963580451905729,"w":0.8358623385429382},"size":83.9596939086914,"orthographic":false}